Y05.1,Y05.2,Y05.3,Y06.1,Y06.2,Y06.3,Y07.1,Y07.2,Y07.3,Y08.1,Y08.2,Y08.3,Plot,Species,Pland,ed,wheight,wpf
1,0,1,1,0,0,0,0,0,0,0,0,AE1K,Common Redpoll,17.949,1089.788,77.5,2.5
0,1,1,1,1,1,0,0,0,NA,NA,NA,AE2K,Common Redpoll,52.21,498.2,162.5,3.25
1,1,1,1,1,1,0,1,0,1,0,0,AE3K,Common Redpoll,27.408,570.683,142.5,3
1,1,1,1,1,1,1,1,1,1,1,0,AE4K,Common Redpoll,58.887,401.606,220,3
1,1,1,1,1,1,1,1,1,1,0,0,AE5K,Common Redpoll,52.546,808.824,160,3.25
0,1,1,1,1,1,1,0,0,0,1,0,GU1K,Common Redpoll,25.626,535.876,85,2.75
1,1,1,1,1,1,0,1,0,1,1,0,KOF1A,Common Redpoll,8.518,524.253,185,5.5
1,0,1,0,0,1,1,1,1,0,1,0,KOF1B,Common Redpoll,11.899,285.373,200,5.5
1,0,1,1,1,1,1,1,1,0,0,0,KOF1C,Common Redpoll,13.038,416.035,210,2.5
0,1,1,1,0,1,1,0,1,1,1,1,KOF1D,Common Redpoll,31.029,393.177,145,0.75
0,0,0,1,0,1,1,1,1,1,1,1,KOF1E,Common Redpoll,7.325,250.904,242.5,1.75
1,1,0,0,1,1,1,1,1,1,1,1,KOF2A,Common Redpoll,44.793,479.363,270,2.5
1,0,0,1,1,1,0,1,0,1,0,1,KOF2B,Common Redpoll,39.771,506.617,247.5,2
1,0,1,1,1,1,1,1,1,0,1,1,KOF2C,Common Redpoll,57.403,965.072,167.5,0.75
1,1,1,1,1,1,0,1,1,0,1,0,KOF2D,Common Redpoll,18.794,785.177,220,5.25
1,0,0,1,1,1,0,NA,1,1,0,0,KOF2E,Common Redpoll,18.393,459.845,217.5,1.5
1,1,0,1,1,1,0,1,1,1,1,0,KOF3A,Common Redpoll,26.362,737.481,157.5,1.75
0,0,1,0,0,1,0,1,1,0,1,0,KOF3B,Common Redpoll,11.747,445.695,265,1.25
1,1,0,0,0,0,0,0,1,1,1,1,S1K,Common Redpoll,28.966,558.24,90,2
1,1,0,1,0,1,0,1,1,0,0,0,S2K,Common Redpoll,43.278,1839.293,90,2.75
0,0,0,1,0,1,0,0,0,1,0,0,ST1K,Common Redpoll,14.87,1114.237,90,3.25
0,0,0,1,0,1,1,0,0,0,0,0,ST2K,Common Redpoll,17.723,1156.819,90,3.25
0,0,0,1,0,0,0,1,1,1,0,0,ST3K,Common Redpoll,6.008,600.002,102.5,3
1,1,0,0,0,1,1,0,1,1,0,0,ST4K,Common Redpoll,28.386,722.812,97.5,3
1,1,1,1,1,1,0,0,1,0,0,0,VJF1A,Common Redpoll,8.172,263.329,180,0.25
1,1,1,1,1,1,0,1,1,0,0,1,VJF1B,Common Redpoll,27.316,824.456,175,2.5
1,1,1,1,1,1,1,1,1,1,1,1,VJF1C,Common Redpoll,18.116,748.703,117.5,2
0,1,1,0,0,1,0,1,1,0,0,0,VJF1D,Common Redpoll,12.183,395.582,122.5,3
1,1,1,0,1,1,1,1,1,0,0,0,VJF2A,Common Redpoll,12.279,286.575,220,2
1,1,1,1,1,1,1,1,1,0,0,0,VJF2B,Common Redpoll,36.353,1290.779,135,1.75
1,1,1,0,1,1,1,1,1,1,0,0,VJF2C,Common Redpoll,39.704,778.363,185,1
1,1,1,1,1,1,1,1,1,0,1,1,VJF2D,Common Redpoll,46.187,1114.237,180,2.5
1,1,0,1,1,1,1,1,1,1,0,1,VJF2E,Common Redpoll,39.721,998.806,180,3.5
0,1,1,0,1,1,1,1,0,0,0,1,VJF3A,Common Redpoll,5.413,358.237,125,1
0,1,1,1,1,1,1,1,1,0,0,1,VJF3B,Common Redpoll,23.982,488.18,112.5,1.75
1,1,1,1,1,1,1,1,1,0,1,1,VJF3C,Common Redpoll,38.287,437.278,167.5,4.25
1,1,1,1,1,1,1,1,1,0,1,1,VJF3D,Common Redpoll,30.439,352.307,110,1
0,0,0,0,0,0,0,0,0,1,0,0,AE1K,Bluethrout,17.949,1089.788,77.5,2.5
0,0,0,0,0,0,0,0,0,NA,NA,NA,AE2K,Bluethrout,52.21,498.2,162.5,3.25
1,0,1,0,1,1,0,0,0,0,0,0,AE3K,Bluethrout,27.408,570.683,142.5,3
0,0,0,0,0,0,0,1,0,1,0,0,AE4K,Bluethrout,58.887,401.606,220,3
0,0,0,1,0,0,1,0,1,0,1,1,AE5K,Bluethrout,52.546,808.824,160,3.25
0,0,0,0,0,0,0,0,0,1,1,1,GU1K,Bluethrout,25.626,535.876,85,2.75
0,0,0,0,0,0,0,0,0,0,0,0,KOF1A,Bluethrout,8.518,524.253,185,5.5
1,0,0,1,0,0,0,0,1,0,1,0,KOF1B,Bluethrout,11.899,285.373,200,5.5
0,0,1,1,0,0,0,0,0,0,0,0,KOF1C,Bluethrout,13.038,416.035,210,2.5
0,0,0,0,0,1,0,0,0,1,0,0,KOF1D,Bluethrout,31.029,393.177,145,0.75
0,1,1,0,0,0,0,0,0,1,0,0,KOF1E,Bluethrout,7.325,250.904,242.5,1.75
0,0,0,0,1,0,1,0,1,1,0,1,KOF2A,Bluethrout,44.793,479.363,270,2.5
1,0,0,0,1,0,0,0,1,0,0,1,KOF2B,Bluethrout,39.771,506.617,247.5,2
0,0,0,1,1,1,0,0,0,0,0,1,KOF2C,Bluethrout,57.403,965.072,167.5,0.75
0,0,0,0,0,1,0,0,0,0,0,0,KOF2D,Bluethrout,18.794,785.177,220,5.25
0,0,0,0,0,0,1,NA,1,0,1,0,KOF2E,Bluethrout,18.393,459.845,217.5,1.5
0,0,0,0,0,0,0,1,0,0,0,1,KOF3A,Bluethrout,26.362,737.481,157.5,1.75
0,0,0,0,0,0,0,0,1,0,1,0,KOF3B,Bluethrout,11.747,445.695,265,1.25
0,0,0,0,0,0,0,0,1,1,1,0,S1K,Bluethrout,28.966,558.24,90,2
1,1,0,0,0,0,1,1,0,1,0,0,S2K,Bluethrout,43.278,1839.293,90,2.75
1,0,0,0,0,1,0,1,0,0,1,0,ST1K,Bluethrout,14.87,1114.237,90,3.25
0,0,0,1,1,0,0,0,0,0,0,0,ST2K,Bluethrout,17.723,1156.819,90,3.25
0,1,0,0,0,0,0,0,0,0,0,0,ST3K,Bluethrout,6.008,600.002,102.5,3
0,0,0,1,0,1,1,1,1,1,1,0,ST4K,Bluethrout,28.386,722.812,97.5,3
0,0,0,0,0,0,0,0,0,0,1,0,VJF1A,Bluethrout,8.172,263.329,180,0.25
1,0,0,0,0,0,0,1,1,0,0,0,VJF1B,Bluethrout,27.316,824.456,175,2.5
0,0,0,0,0,0,0,0,0,0,0,0,VJF1C,Bluethrout,18.116,748.703,117.5,2
1,0,0,0,0,0,0,0,0,0,0,0,VJF1D,Bluethrout,12.183,395.582,122.5,3
0,0,0,0,0,0,0,0,0,0,0,0,VJF2A,Bluethrout,12.279,286.575,220,2
0,0,0,0,0,0,0,0,0,0,0,0,VJF2B,Bluethrout,36.353,1290.779,135,1.75
0,0,0,0,0,1,0,0,0,1,0,1,VJF2C,Bluethrout,39.704,778.363,185,1
0,0,0,0,0,0,1,1,1,0,0,0,VJF2D,Bluethrout,46.187,1114.237,180,2.5
0,0,0,0,0,0,1,1,1,0,0,1,VJF2E,Bluethrout,39.721,998.806,180,3.5
1,0,1,0,1,1,0,0,0,0,0,0,VJF3A,Bluethrout,5.413,358.237,125,1
0,0,0,0,0,1,0,0,0,0,0,0,VJF3B,Bluethrout,23.982,488.18,112.5,1.75
0,0,0,0,0,0,1,1,0,0,0,0,VJF3C,Bluethrout,38.287,437.278,167.5,4.25
0,0,0,0,0,0,0,0,0,0,1,1,VJF3D,Bluethrout,30.439,352.307,110,1
0,1,1,0,0,0,0,0,0,0,0,0,AE1K,Long-tailed Skua,17.949,1089.788,77.5,2.5
0,0,0,0,0,0,0,0,0,NA,NA,NA,AE2K,Long-tailed Skua,52.21,498.2,162.5,3.25
0,0,0,0,0,0,0,0,1,0,0,0,AE3K,Long-tailed Skua,27.408,570.683,142.5,3
0,0,0,0,0,0,0,0,0,0,0,0,AE4K,Long-tailed Skua,58.887,401.606,220,3
0,0,0,0,0,0,0,0,0,0,0,0,AE5K,Long-tailed Skua,52.546,808.824,160,3.25
0,0,0,0,0,0,1,0,0,0,0,0,GU1K,Long-tailed Skua,25.626,535.876,85,2.75
0,0,0,0,0,0,0,0,0,0,0,0,KOF1A,Long-tailed Skua,8.518,524.253,185,5.5
0,0,0,0,0,0,0,0,0,0,0,0,KOF1B,Long-tailed Skua,11.899,285.373,200,5.5
0,0,0,0,0,1,0,0,0,0,0,0,KOF1C,Long-tailed Skua,13.038,416.035,210,2.5
0,0,0,0,0,0,0,1,0,0,0,0,KOF1D,Long-tailed Skua,31.029,393.177,145,0.75
0,0,0,0,0,0,0,0,0,0,0,0,KOF1E,Long-tailed Skua,7.325,250.904,242.5,1.75
0,0,0,0,0,0,0,1,0,0,0,0,KOF2A,Long-tailed Skua,44.793,479.363,270,2.5
0,0,0,0,0,0,0,0,0,0,0,0,KOF2B,Long-tailed Skua,39.771,506.617,247.5,2
0,0,0,0,0,0,0,1,0,0,0,0,KOF2C,Long-tailed Skua,57.403,965.072,167.5,0.75
0,0,0,0,0,0,0,0,0,0,0,0,KOF2D,Long-tailed Skua,18.794,785.177,220,5.25
0,0,0,0,0,0,0,NA,0,0,0,0,KOF2E,Long-tailed Skua,18.393,459.845,217.5,1.5
0,0,0,0,0,0,0,1,1,0,0,0,KOF3A,Long-tailed Skua,26.362,737.481,157.5,1.75
0,0,0,0,1,0,0,1,0,0,0,0,KOF3B,Long-tailed Skua,11.747,445.695,265,1.25
0,0,0,1,0,0,0,0,0,0,0,0,S1K,Long-tailed Skua,28.966,558.24,90,2
0,0,0,0,0,0,0,1,0,0,0,0,S2K,Long-tailed Skua,43.278,1839.293,90,2.75
0,0,0,0,0,1,0,0,0,0,1,0,ST1K,Long-tailed Skua,14.87,1114.237,90,3.25
1,1,1,0,0,0,0,0,0,0,0,0,ST2K,Long-tailed Skua,17.723,1156.819,90,3.25
0,0,0,0,0,0,0,0,0,0,0,0,ST3K,Long-tailed Skua,6.008,600.002,102.5,3
0,0,0,0,0,0,1,0,0,0,0,0,ST4K,Long-tailed Skua,28.386,722.812,97.5,3
0,0,0,0,0,0,0,0,0,0,0,0,VJF1A,Long-tailed Skua,8.172,263.329,180,0.25
0,0,0,0,0,0,0,0,0,0,0,0,VJF1B,Long-tailed Skua,27.316,824.456,175,2.5
0,0,0,0,0,0,0,0,0,0,0,0,VJF1C,Long-tailed Skua,18.116,748.703,117.5,2
0,0,0,0,0,0,0,0,0,0,0,0,VJF1D,Long-tailed Skua,12.183,395.582,122.5,3
0,0,0,0,0,0,0,0,0,0,0,0,VJF2A,Long-tailed Skua,12.279,286.575,220,2
0,0,0,0,0,0,0,0,0,0,0,0,VJF2B,Long-tailed Skua,36.353,1290.779,135,1.75
0,0,0,0,0,0,0,0,0,0,0,0,VJF2C,Long-tailed Skua,39.704,778.363,185,1
0,0,0,0,0,0,0,0,0,0,0,0,VJF2D,Long-tailed Skua,46.187,1114.237,180,2.5
0,0,0,0,0,0,0,0,0,0,0,0,VJF2E,Long-tailed Skua,39.721,998.806,180,3.5
0,0,0,0,0,0,0,0,0,0,0,0,VJF3A,Long-tailed Skua,5.413,358.237,125,1
0,0,0,0,0,0,0,0,0,0,0,0,VJF3B,Long-tailed Skua,23.982,488.18,112.5,1.75
0,0,0,0,0,0,0,0,0,0,0,0,VJF3C,Long-tailed Skua,38.287,437.278,167.5,4.25
0,0,0,0,0,0,0,0,0,0,0,0,VJF3D,Long-tailed Skua,30.439,352.307,110,1
0,0,0,0,0,0,0,0,0,0,0,0,AE1K,Rough-legged Buzzard,17.949,1089.788,77.5,2.5
0,0,0,0,0,0,0,0,0,NA,NA,NA,AE2K,Rough-legged Buzzard,52.21,498.2,162.5,3.25
0,0,0,0,0,0,0,0,0,0,0,0,AE3K,Rough-legged Buzzard,27.408,570.683,142.5,3
0,0,0,0,0,0,0,0,0,0,0,0,AE4K,Rough-legged Buzzard,58.887,401.606,220,3
0,0,0,0,0,0,0,0,0,0,0,0,AE5K,Rough-legged Buzzard,52.546,808.824,160,3.25
0,0,0,0,0,0,0,0,0,0,0,0,GU1K,Rough-legged Buzzard,25.626,535.876,85,2.75
0,0,0,0,0,0,1,0,0,0,0,0,KOF1A,Rough-legged Buzzard,8.518,524.253,185,5.5
0,0,0,0,0,0,0,0,0,0,0,0,KOF1B,Rough-legged Buzzard,11.899,285.373,200,5.5
0,0,0,0,0,0,0,0,0,0,0,0,KOF1C,Rough-legged Buzzard,13.038,416.035,210,2.5
0,0,0,0,0,0,0,0,0,0,0,0,KOF1D,Rough-legged Buzzard,31.029,393.177,145,0.75
0,0,0,0,0,0,0,0,0,0,0,0,KOF1E,Rough-legged Buzzard,7.325,250.904,242.5,1.75
0,0,0,0,0,0,0,0,0,0,0,0,KOF2A,Rough-legged Buzzard,44.793,479.363,270,2.5
0,0,0,0,0,0,0,0,0,0,0,0,KOF2B,Rough-legged Buzzard,39.771,506.617,247.5,2
0,0,0,0,0,0,0,0,0,0,0,0,KOF2C,Rough-legged Buzzard,57.403,965.072,167.5,0.75
1,0,0,0,0,0,0,0,0,0,0,0,KOF2D,Rough-legged Buzzard,18.794,785.177,220,5.25
0,0,0,0,0,0,0,NA,0,0,0,0,KOF2E,Rough-legged Buzzard,18.393,459.845,217.5,1.5
0,0,0,0,0,0,0,0,0,0,0,0,KOF3A,Rough-legged Buzzard,26.362,737.481,157.5,1.75
0,0,0,0,0,0,0,0,0,0,0,0,KOF3B,Rough-legged Buzzard,11.747,445.695,265,1.25
0,0,0,0,0,0,0,0,0,0,0,0,S1K,Rough-legged Buzzard,28.966,558.24,90,2
0,0,0,0,0,0,0,0,0,0,0,0,S2K,Rough-legged Buzzard,43.278,1839.293,90,2.75
0,0,0,0,0,0,0,0,0,0,0,0,ST1K,Rough-legged Buzzard,14.87,1114.237,90,3.25
0,0,0,0,0,0,0,0,0,0,0,0,ST2K,Rough-legged Buzzard,17.723,1156.819,90,3.25
0,0,0,0,0,0,0,0,0,0,0,0,ST3K,Rough-legged Buzzard,6.008,600.002,102.5,3
0,0,0,0,0,0,0,0,0,0,0,0,ST4K,Rough-legged Buzzard,28.386,722.812,97.5,3
0,0,0,1,0,0,1,1,1,1,1,1,VJF1A,Rough-legged Buzzard,8.172,263.329,180,0.25
0,0,0,0,0,0,0,0,0,0,0,0,VJF1B,Rough-legged Buzzard,27.316,824.456,175,2.5
0,0,0,0,0,0,0,0,0,0,0,0,VJF1C,Rough-legged Buzzard,18.116,748.703,117.5,2
0,0,0,0,0,0,0,0,0,0,0,0,VJF1D,Rough-legged Buzzard,12.183,395.582,122.5,3
0,0,0,1,0,0,0,0,0,0,0,0,VJF2A,Rough-legged Buzzard,12.279,286.575,220,2
0,0,0,0,0,0,0,0,0,0,0,0,VJF2B,Rough-legged Buzzard,36.353,1290.779,135,1.75
0,0,0,0,0,0,0,0,0,0,0,0,VJF2C,Rough-legged Buzzard,39.704,778.363,185,1
0,0,0,0,0,0,0,0,0,0,0,0,VJF2D,Rough-legged Buzzard,46.187,1114.237,180,2.5
0,0,0,0,0,0,0,0,0,0,0,0,VJF2E,Rough-legged Buzzard,39.721,998.806,180,3.5
0,0,0,0,0,0,0,0,0,0,0,0,VJF3A,Rough-legged Buzzard,5.413,358.237,125,1
0,0,0,0,0,0,0,0,0,0,0,0,VJF3B,Rough-legged Buzzard,23.982,488.18,112.5,1.75
0,0,0,0,0,0,0,0,0,0,0,0,VJF3C,Rough-legged Buzzard,38.287,437.278,167.5,4.25
0,0,0,0,0,0,0,0,0,0,0,0,VJF3D,Rough-legged Buzzard,30.439,352.307,110,1
0,0,0,0,0,0,0,0,0,0,0,0,AE1K,Fieldfare,17.949,1089.788,77.5,2.5
0,0,0,0,0,0,0,0,0,NA,NA,NA,AE2K,Fieldfare,52.21,498.2,162.5,3.25
0,0,0,0,0,0,0,1,0,0,0,0,AE3K,Fieldfare,27.408,570.683,142.5,3
1,0,0,0,0,0,1,0,0,1,1,0,AE4K,Fieldfare,58.887,401.606,220,3
0,1,1,1,0,1,0,0,1,1,1,0,AE5K,Fieldfare,52.546,808.824,160,3.25
0,0,0,0,0,0,1,0,0,0,0,0,GU1K,Fieldfare,25.626,535.876,85,2.75
0,0,0,0,0,0,0,0,0,0,0,0,KOF1A,Fieldfare,8.518,524.253,185,5.5
0,0,0,0,0,0,0,0,1,0,0,1,KOF1B,Fieldfare,11.899,285.373,200,5.5
0,0,0,1,1,1,0,0,0,1,1,0,KOF1C,Fieldfare,13.038,416.035,210,2.5
0,0,0,1,1,0,0,1,0,1,0,1,KOF1D,Fieldfare,31.029,393.177,145,0.75
0,0,0,0,0,0,0,0,0,0,0,0,KOF1E,Fieldfare,7.325,250.904,242.5,1.75
0,0,0,0,0,1,0,0,0,1,1,1,KOF2A,Fieldfare,44.793,479.363,270,2.5
0,0,0,0,0,0,1,0,0,0,0,0,KOF2B,Fieldfare,39.771,506.617,247.5,2
0,0,0,0,0,0,0,0,0,1,1,0,KOF2C,Fieldfare,57.403,965.072,167.5,0.75
0,0,0,0,0,0,0,0,0,1,0,1,KOF2D,Fieldfare,18.794,785.177,220,5.25
0,0,0,0,0,0,0,NA,0,0,0,0,KOF2E,Fieldfare,18.393,459.845,217.5,1.5
1,0,0,0,1,0,0,0,0,0,1,0,KOF3A,Fieldfare,26.362,737.481,157.5,1.75
1,0,1,0,0,1,0,0,0,1,0,1,KOF3B,Fieldfare,11.747,445.695,265,1.25
0,0,0,0,0,0,0,0,0,0,0,0,S1K,Fieldfare,28.966,558.24,90,2
0,0,0,0,0,0,0,0,1,0,1,1,S2K,Fieldfare,43.278,1839.293,90,2.75
0,0,0,0,0,0,0,0,0,0,0,0,ST1K,Fieldfare,14.87,1114.237,90,3.25
0,0,0,1,1,0,0,0,1,0,0,0,ST2K,Fieldfare,17.723,1156.819,90,3.25
0,0,0,0,1,1,1,1,0,0,1,0,ST3K,Fieldfare,6.008,600.002,102.5,3
0,0,0,1,0,0,0,0,0,0,0,0,ST4K,Fieldfare,28.386,722.812,97.5,3
1,1,1,0,0,0,0,0,0,0,1,0,VJF1A,Fieldfare,8.172,263.329,180,0.25
1,0,1,1,1,1,1,1,1,0,1,1,VJF1B,Fieldfare,27.316,824.456,175,2.5
0,0,0,0,0,1,1,1,1,0,0,0,VJF1C,Fieldfare,18.116,748.703,117.5,2
0,0,0,0,0,0,0,1,1,0,0,1,VJF1D,Fieldfare,12.183,395.582,122.5,3
1,0,1,0,0,0,0,0,0,0,0,0,VJF2A,Fieldfare,12.279,286.575,220,2
1,1,1,0,0,0,0,1,1,0,0,0,VJF2B,Fieldfare,36.353,1290.779,135,1.75
1,1,1,0,0,0,1,1,1,0,0,0,VJF2C,Fieldfare,39.704,778.363,185,1
0,0,0,0,0,0,0,0,0,0,0,0,VJF2D,Fieldfare,46.187,1114.237,180,2.5
0,1,0,0,0,0,0,0,1,0,0,0,VJF2E,Fieldfare,39.721,998.806,180,3.5
0,0,0,0,0,0,0,0,0,0,0,0,VJF3A,Fieldfare,5.413,358.237,125,1
1,1,0,1,1,1,1,1,1,0,0,0,VJF3B,Fieldfare,23.982,488.18,112.5,1.75
0,1,1,0,0,0,1,1,1,0,0,0,VJF3C,Fieldfare,38.287,437.278,167.5,4.25
0,1,0,0,0,0,0,0,0,0,0,0,VJF3D,Fieldfare,30.439,352.307,110,1
0,0,0,1,0,0,0,0,0,0,0,0,AE1K,Eurasian Golden Plower,17.949,1089.788,77.5,2.5
0,0,0,0,0,0,0,0,0,NA,NA,NA,AE2K,Eurasian Golden Plower,52.21,498.2,162.5,3.25
0,0,0,0,0,0,0,0,0,0,0,0,AE3K,Eurasian Golden Plower,27.408,570.683,142.5,3
0,0,0,0,0,0,0,1,0,0,0,0,AE4K,Eurasian Golden Plower,58.887,401.606,220,3
0,0,0,0,0,0,0,0,0,0,0,0,AE5K,Eurasian Golden Plower,52.546,808.824,160,3.25
0,0,0,0,0,0,0,0,0,0,0,0,GU1K,Eurasian Golden Plower,25.626,535.876,85,2.75
0,0,0,0,0,0,0,0,1,1,0,1,KOF1A,Eurasian Golden Plower,8.518,524.253,185,5.5
0,0,0,0,0,0,0,0,0,0,0,0,KOF1B,Eurasian Golden Plower,11.899,285.373,200,5.5
0,0,0,0,0,0,0,0,0,0,0,0,KOF1C,Eurasian Golden Plower,13.038,416.035,210,2.5
0,0,0,0,0,0,1,0,0,0,0,0,KOF1D,Eurasian Golden Plower,31.029,393.177,145,0.75
0,0,0,0,0,0,0,0,0,1,0,0,KOF1E,Eurasian Golden Plower,7.325,250.904,242.5,1.75
0,0,1,0,0,0,0,0,0,0,0,0,KOF2A,Eurasian Golden Plower,44.793,479.363,270,2.5
0,0,0,0,0,0,0,0,0,0,1,0,KOF2B,Eurasian Golden Plower,39.771,506.617,247.5,2
0,0,0,0,0,0,0,0,0,0,0,0,KOF2C,Eurasian Golden Plower,57.403,965.072,167.5,0.75
0,0,0,0,0,0,0,0,0,0,0,0,KOF2D,Eurasian Golden Plower,18.794,785.177,220,5.25
0,0,0,0,0,0,1,NA,0,0,0,0,KOF2E,Eurasian Golden Plower,18.393,459.845,217.5,1.5
0,0,0,0,0,0,1,0,1,1,1,0,KOF3A,Eurasian Golden Plower,26.362,737.481,157.5,1.75
0,0,0,0,0,0,0,0,0,0,0,0,KOF3B,Eurasian Golden Plower,11.747,445.695,265,1.25
0,0,0,0,0,0,0,0,0,0,0,0,S1K,Eurasian Golden Plower,28.966,558.24,90,2
0,0,0,0,0,0,0,0,0,0,0,0,S2K,Eurasian Golden Plower,43.278,1839.293,90,2.75
1,0,1,1,1,0,0,0,1,1,0,0,ST1K,Eurasian Golden Plower,14.87,1114.237,90,3.25
0,0,0,0,0,0,0,0,0,0,0,1,ST2K,Eurasian Golden Plower,17.723,1156.819,90,3.25
0,0,0,0,0,1,0,1,0,0,0,1,ST3K,Eurasian Golden Plower,6.008,600.002,102.5,3
1,0,0,1,0,0,0,0,0,0,0,0,ST4K,Eurasian Golden Plower,28.386,722.812,97.5,3
0,0,0,0,0,0,0,0,0,0,0,0,VJF1A,Eurasian Golden Plower,8.172,263.329,180,0.25
0,0,0,0,0,0,0,0,0,0,0,0,VJF1B,Eurasian Golden Plower,27.316,824.456,175,2.5
0,0,0,0,0,0,0,0,0,0,0,0,VJF1C,Eurasian Golden Plower,18.116,748.703,117.5,2
0,1,0,0,0,1,0,0,0,1,1,1,VJF1D,Eurasian Golden Plower,12.183,395.582,122.5,3
0,0,0,0,0,0,0,0,0,0,0,0,VJF2A,Eurasian Golden Plower,12.279,286.575,220,2
0,0,0,0,0,0,0,0,0,0,0,0,VJF2B,Eurasian Golden Plower,36.353,1290.779,135,1.75
0,0,0,0,0,0,0,0,0,0,0,0,VJF2C,Eurasian Golden Plower,39.704,778.363,185,1
0,0,0,0,0,0,0,0,0,0,0,0,VJF2D,Eurasian Golden Plower,46.187,1114.237,180,2.5
0,0,0,0,0,0,0,0,1,0,0,0,VJF2E,Eurasian Golden Plower,39.721,998.806,180,3.5
0,0,0,0,0,0,1,0,1,0,0,1,VJF3A,Eurasian Golden Plower,5.413,358.237,125,1
0,0,0,0,0,0,0,1,0,0,0,0,VJF3B,Eurasian Golden Plower,23.982,488.18,112.5,1.75
1,0,0,0,0,0,0,0,1,1,1,0,VJF3C,Eurasian Golden Plower,38.287,437.278,167.5,4.25
0,0,1,0,1,0,0,0,0,0,0,0,VJF3D,Eurasian Golden Plower,30.439,352.307,110,1
0,0,0,1,1,1,1,0,1,1,0,0,AE1K,Meadow Pipit,17.949,1089.788,77.5,2.5
0,1,0,1,0,1,0,0,1,NA,NA,NA,AE2K,Meadow Pipit,52.21,498.2,162.5,3.25
0,1,1,1,1,1,1,0,0,1,1,0,AE3K,Meadow Pipit,27.408,570.683,142.5,3
1,1,1,1,1,1,1,1,1,1,1,1,AE4K,Meadow Pipit,58.887,401.606,220,3
1,1,1,1,1,1,0,0,1,1,0,0,AE5K,Meadow Pipit,52.546,808.824,160,3.25
1,1,0,1,0,1,0,0,0,0,0,0,GU1K,Meadow Pipit,25.626,535.876,85,2.75
1,0,1,1,1,1,1,1,1,0,0,1,KOF1A,Meadow Pipit,8.518,524.253,185,5.5
0,0,1,0,1,1,1,1,1,1,1,1,KOF1B,Meadow Pipit,11.899,285.373,200,5.5
1,1,1,1,1,0,1,1,1,1,0,1,KOF1C,Meadow Pipit,13.038,416.035,210,2.5
1,0,1,0,1,0,1,1,1,1,1,1,KOF1D,Meadow Pipit,31.029,393.177,145,0.75
0,1,0,1,1,1,1,1,0,1,1,0,KOF1E,Meadow Pipit,7.325,250.904,242.5,1.75
1,0,0,0,0,0,0,0,1,1,1,1,KOF2A,Meadow Pipit,44.793,479.363,270,2.5
0,0,0,1,0,1,0,0,1,1,0,1,KOF2B,Meadow Pipit,39.771,506.617,247.5,2
1,0,1,1,1,1,1,1,1,1,1,1,KOF2C,Meadow Pipit,57.403,965.072,167.5,0.75
1,0,1,1,1,1,1,1,1,1,1,1,KOF2D,Meadow Pipit,18.794,785.177,220,5.25
0,1,1,0,1,1,1,NA,1,1,1,1,KOF2E,Meadow Pipit,18.393,459.845,217.5,1.5
1,0,1,1,1,1,1,1,1,1,1,1,KOF3A,Meadow Pipit,26.362,737.481,157.5,1.75
1,0,1,0,1,1,0,1,1,0,1,1,KOF3B,Meadow Pipit,11.747,445.695,265,1.25
0,1,0,1,0,1,0,0,1,0,1,0,S1K,Meadow Pipit,28.966,558.24,90,2
0,1,0,1,0,1,0,0,0,1,1,1,S2K,Meadow Pipit,43.278,1839.293,90,2.75
0,1,0,1,0,1,1,0,1,1,0,0,ST1K,Meadow Pipit,14.87,1114.237,90,3.25
0,0,0,0,0,1,0,0,0,1,0,0,ST2K,Meadow Pipit,17.723,1156.819,90,3.25
1,1,0,1,0,1,1,0,1,1,0,0,ST3K,Meadow Pipit,6.008,600.002,102.5,3
1,1,0,1,0,1,1,0,1,0,1,0,ST4K,Meadow Pipit,28.386,722.812,97.5,3
0,1,1,1,1,0,0,0,1,0,0,1,VJF1A,Meadow Pipit,8.172,263.329,180,0.25
1,1,1,1,1,1,1,1,1,1,1,1,VJF1B,Meadow Pipit,27.316,824.456,175,2.5
1,1,1,0,1,1,0,1,1,0,1,1,VJF1C,Meadow Pipit,18.116,748.703,117.5,2
0,0,0,0,0,0,0,1,1,0,1,1,VJF1D,Meadow Pipit,12.183,395.582,122.5,3
1,1,1,0,0,1,1,1,1,0,0,0,VJF2A,Meadow Pipit,12.279,286.575,220,2
0,1,1,0,1,1,1,1,1,0,1,1,VJF2B,Meadow Pipit,36.353,1290.779,135,1.75
1,1,1,0,1,1,1,0,1,0,1,1,VJF2C,Meadow Pipit,39.704,778.363,185,1
0,1,0,0,1,1,1,1,1,0,1,1,VJF2D,Meadow Pipit,46.187,1114.237,180,2.5
1,1,1,0,1,1,1,1,1,0,0,0,VJF2E,Meadow Pipit,39.721,998.806,180,3.5
1,1,1,1,1,1,1,1,1,0,1,1,VJF3A,Meadow Pipit,5.413,358.237,125,1
0,0,1,0,1,1,0,1,1,0,1,1,VJF3B,Meadow Pipit,23.982,488.18,112.5,1.75
0,0,0,0,1,1,0,1,1,0,1,1,VJF3C,Meadow Pipit,38.287,437.278,167.5,4.25
1,0,1,0,1,1,1,1,1,0,0,1,VJF3D,Meadow Pipit,30.439,352.307,110,1
0,0,0,0,0,0,1,0,0,0,0,0,AE1K,Lapland Bunting,17.949,1089.788,77.5,2.5
0,0,0,1,0,0,1,0,1,NA,NA,NA,AE2K,Lapland Bunting,52.21,498.2,162.5,3.25
0,0,0,0,0,0,0,0,0,0,0,0,AE3K,Lapland Bunting,27.408,570.683,142.5,3
0,0,0,0,0,0,0,0,0,0,0,0,AE4K,Lapland Bunting,58.887,401.606,220,3
0,1,0,0,0,0,0,0,0,1,1,0,AE5K,Lapland Bunting,52.546,808.824,160,3.25
1,0,1,0,0,1,1,1,1,1,0,1,GU1K,Lapland Bunting,25.626,535.876,85,2.75
0,1,0,0,0,0,0,0,0,0,0,0,KOF1A,Lapland Bunting,8.518,524.253,185,5.5
1,1,0,1,1,1,1,1,0,1,1,1,KOF1B,Lapland Bunting,11.899,285.373,200,5.5
0,0,0,0,0,0,0,0,0,0,0,0,KOF1C,Lapland Bunting,13.038,416.035,210,2.5
0,0,0,0,0,0,0,0,0,0,0,0,KOF1D,Lapland Bunting,31.029,393.177,145,0.75
0,0,0,0,0,0,0,0,0,0,0,0,KOF1E,Lapland Bunting,7.325,250.904,242.5,1.75
0,0,0,0,0,0,0,0,0,0,0,0,KOF2A,Lapland Bunting,44.793,479.363,270,2.5
0,0,0,0,0,0,0,0,0,0,0,0,KOF2B,Lapland Bunting,39.771,506.617,247.5,2
0,0,0,0,0,0,0,0,0,0,0,0,KOF2C,Lapland Bunting,57.403,965.072,167.5,0.75
0,0,0,0,0,0,0,0,0,0,0,0,KOF2D,Lapland Bunting,18.794,785.177,220,5.25
0,0,0,0,0,0,0,NA,0,0,0,0,KOF2E,Lapland Bunting,18.393,459.845,217.5,1.5
1,1,1,0,0,0,1,1,0,0,1,1,KOF3A,Lapland Bunting,26.362,737.481,157.5,1.75
0,0,0,0,0,0,0,1,1,0,1,0,KOF3B,Lapland Bunting,11.747,445.695,265,1.25
0,0,0,0,0,0,0,1,1,0,0,0,S1K,Lapland Bunting,28.966,558.24,90,2
0,0,0,0,0,0,1,1,1,0,0,0,S2K,Lapland Bunting,43.278,1839.293,90,2.75
1,1,1,1,1,1,1,1,1,1,1,0,ST1K,Lapland Bunting,14.87,1114.237,90,3.25
1,0,1,1,1,1,0,0,0,1,0,0,ST2K,Lapland Bunting,17.723,1156.819,90,3.25
1,1,1,1,1,1,0,1,1,1,1,0,ST3K,Lapland Bunting,6.008,600.002,102.5,3
1,1,0,1,0,1,0,1,1,1,1,0,ST4K,Lapland Bunting,28.386,722.812,97.5,3
1,0,0,0,0,0,0,0,0,0,0,0,VJF1A,Lapland Bunting,8.172,263.329,180,0.25
1,1,0,0,1,0,0,0,0,0,0,0,VJF1B,Lapland Bunting,27.316,824.456,175,2.5
0,1,0,0,0,0,0,0,1,0,0,0,VJF1C,Lapland Bunting,18.116,748.703,117.5,2
0,1,0,0,0,0,0,1,0,0,0,0,VJF1D,Lapland Bunting,12.183,395.582,122.5,3
0,0,1,0,0,0,0,0,0,0,0,0,VJF2A,Lapland Bunting,12.279,286.575,220,2
1,0,0,0,0,0,0,0,0,0,0,0,VJF2B,Lapland Bunting,36.353,1290.779,135,1.75
0,1,0,0,0,0,0,0,0,0,0,0,VJF2C,Lapland Bunting,39.704,778.363,185,1
0,0,0,0,0,0,1,0,0,0,0,1,VJF2D,Lapland Bunting,46.187,1114.237,180,2.5
0,1,0,0,0,1,0,0,1,0,0,1,VJF2E,Lapland Bunting,39.721,998.806,180,3.5
0,0,1,0,0,0,0,0,0,0,0,0,VJF3A,Lapland Bunting,5.413,358.237,125,1
1,0,0,0,0,1,1,0,0,0,1,0,VJF3B,Lapland Bunting,23.982,488.18,112.5,1.75
0,0,1,0,1,1,0,1,1,1,1,0,VJF3C,Lapland Bunting,38.287,437.278,167.5,4.25
0,0,0,0,0,0,1,1,0,1,1,1,VJF3D,Lapland Bunting,30.439,352.307,110,1
0,0,0,0,0,1,1,0,0,0,0,0,AE1K,White Wagtail,17.949,1089.788,77.5,2.5
0,0,0,0,0,0,0,0,0,NA,NA,NA,AE2K,White Wagtail,52.21,498.2,162.5,3.25
0,0,0,0,0,0,0,0,0,0,0,0,AE3K,White Wagtail,27.408,570.683,142.5,3
0,0,0,0,0,0,0,0,0,0,0,0,AE4K,White Wagtail,58.887,401.606,220,3
0,0,0,0,0,0,0,0,0,0,0,0,AE5K,White Wagtail,52.546,808.824,160,3.25
0,0,0,0,0,1,0,0,0,0,0,0,GU1K,White Wagtail,25.626,535.876,85,2.75
0,0,1,0,0,0,0,0,0,0,0,0,KOF1A,White Wagtail,8.518,524.253,185,5.5
0,0,0,0,0,0,1,0,0,0,0,1,KOF1B,White Wagtail,11.899,285.373,200,5.5
0,0,0,0,1,0,0,0,0,0,0,0,KOF1C,White Wagtail,13.038,416.035,210,2.5
0,0,0,0,1,0,0,1,0,0,1,0,KOF1D,White Wagtail,31.029,393.177,145,0.75
0,0,0,0,0,1,0,0,0,0,0,0,KOF1E,White Wagtail,7.325,250.904,242.5,1.75
1,0,0,0,0,0,0,0,0,0,1,0,KOF2A,White Wagtail,44.793,479.363,270,2.5
0,0,0,0,0,0,0,1,1,1,0,1,KOF2B,White Wagtail,39.771,506.617,247.5,2
0,0,0,0,0,1,1,0,0,1,0,1,KOF2C,White Wagtail,57.403,965.072,167.5,0.75
0,0,0,0,0,0,0,0,0,1,0,0,KOF2D,White Wagtail,18.794,785.177,220,5.25
0,0,0,0,0,0,0,NA,0,0,1,0,KOF2E,White Wagtail,18.393,459.845,217.5,1.5
0,0,0,0,0,0,0,0,1,0,1,0,KOF3A,White Wagtail,26.362,737.481,157.5,1.75
0,0,0,0,0,1,0,0,0,0,0,0,KOF3B,White Wagtail,11.747,445.695,265,1.25
0,0,0,0,0,0,0,0,0,0,0,0,S1K,White Wagtail,28.966,558.24,90,2
0,0,0,0,0,0,1,0,0,0,0,0,S2K,White Wagtail,43.278,1839.293,90,2.75
0,0,0,0,0,0,0,0,0,0,0,0,ST1K,White Wagtail,14.87,1114.237,90,3.25
0,0,0,0,0,0,0,0,0,0,0,0,ST2K,White Wagtail,17.723,1156.819,90,3.25
0,0,0,1,0,0,0,0,1,0,0,0,ST3K,White Wagtail,6.008,600.002,102.5,3
0,0,0,0,0,0,0,0,0,0,0,0,ST4K,White Wagtail,28.386,722.812,97.5,3
0,0,0,1,1,1,0,1,1,0,0,0,VJF1A,White Wagtail,8.172,263.329,180,0.25
0,0,0,1,0,0,0,0,0,0,0,0,VJF1B,White Wagtail,27.316,824.456,175,2.5
0,0,0,0,0,1,0,0,0,0,0,0,VJF1C,White Wagtail,18.116,748.703,117.5,2
0,0,0,0,0,1,0,1,0,0,0,0,VJF1D,White Wagtail,12.183,395.582,122.5,3
0,0,0,0,0,0,1,0,0,0,0,1,VJF2A,White Wagtail,12.279,286.575,220,2
0,0,0,0,0,0,1,0,0,0,0,1,VJF2B,White Wagtail,36.353,1290.779,135,1.75
0,0,0,0,0,0,0,0,0,0,0,0,VJF2C,White Wagtail,39.704,778.363,185,1
0,0,0,0,0,0,0,0,0,0,0,0,VJF2D,White Wagtail,46.187,1114.237,180,2.5
0,0,0,0,0,0,0,0,0,0,0,0,VJF2E,White Wagtail,39.721,998.806,180,3.5
0,0,0,0,0,0,0,0,0,0,0,0,VJF3A,White Wagtail,5.413,358.237,125,1
0,0,0,0,1,1,1,1,1,0,0,0,VJF3B,White Wagtail,23.982,488.18,112.5,1.75
0,0,0,0,0,0,0,0,0,0,1,0,VJF3C,White Wagtail,38.287,437.278,167.5,4.25
0,0,0,0,0,0,0,0,0,0,0,0,VJF3D,White Wagtail,30.439,352.307,110,1
0,0,0,0,0,0,0,0,0,0,0,0,AE1K,Willow Ptarmigan,17.949,1089.788,77.5,2.5
0,0,0,0,0,0,1,1,0,NA,NA,NA,AE2K,Willow Ptarmigan,52.21,498.2,162.5,3.25
0,0,0,0,0,0,1,0,0,0,0,0,AE3K,Willow Ptarmigan,27.408,570.683,142.5,3
0,0,0,0,0,0,0,0,0,0,0,0,AE4K,Willow Ptarmigan,58.887,401.606,220,3
0,0,0,0,0,0,0,0,0,0,0,0,AE5K,Willow Ptarmigan,52.546,808.824,160,3.25
0,0,0,0,0,0,0,0,0,0,0,0,GU1K,Willow Ptarmigan,25.626,535.876,85,2.75
0,0,0,0,0,0,0,0,0,0,0,1,KOF1A,Willow Ptarmigan,8.518,524.253,185,5.5
0,0,0,0,0,0,0,0,0,0,0,0,KOF1B,Willow Ptarmigan,11.899,285.373,200,5.5
0,0,0,0,0,0,0,0,0,0,0,0,KOF1C,Willow Ptarmigan,13.038,416.035,210,2.5
0,0,0,0,0,0,0,0,0,0,0,0,KOF1D,Willow Ptarmigan,31.029,393.177,145,0.75
0,0,0,0,0,0,0,0,0,1,0,0,KOF1E,Willow Ptarmigan,7.325,250.904,242.5,1.75
0,0,0,0,0,0,0,0,0,0,0,0,KOF2A,Willow Ptarmigan,44.793,479.363,270,2.5
1,0,0,0,0,0,0,0,0,0,0,0,KOF2B,Willow Ptarmigan,39.771,506.617,247.5,2
0,0,0,1,0,0,0,0,0,0,0,0,KOF2C,Willow Ptarmigan,57.403,965.072,167.5,0.75
0,0,0,0,0,0,0,0,0,0,0,0,KOF2D,Willow Ptarmigan,18.794,785.177,220,5.25
0,0,0,0,0,0,0,NA,0,0,0,0,KOF2E,Willow Ptarmigan,18.393,459.845,217.5,1.5
0,0,0,1,0,0,0,0,0,0,0,0,KOF3A,Willow Ptarmigan,26.362,737.481,157.5,1.75
0,0,1,0,0,0,0,0,0,0,0,0,KOF3B,Willow Ptarmigan,11.747,445.695,265,1.25
0,0,0,0,0,0,0,0,0,0,0,0,S1K,Willow Ptarmigan,28.966,558.24,90,2
0,0,0,0,0,0,0,0,0,0,0,0,S2K,Willow Ptarmigan,43.278,1839.293,90,2.75
0,0,0,0,0,0,0,0,0,0,0,0,ST1K,Willow Ptarmigan,14.87,1114.237,90,3.25
0,0,0,0,0,0,0,0,0,0,0,0,ST2K,Willow Ptarmigan,17.723,1156.819,90,3.25
0,0,0,0,0,0,0,0,0,0,0,0,ST3K,Willow Ptarmigan,6.008,600.002,102.5,3
0,0,0,0,0,0,1,0,0,0,0,0,ST4K,Willow Ptarmigan,28.386,722.812,97.5,3
0,0,0,0,0,0,0,0,0,0,0,0,VJF1A,Willow Ptarmigan,8.172,263.329,180,0.25
0,0,0,0,0,0,0,0,0,0,0,0,VJF1B,Willow Ptarmigan,27.316,824.456,175,2.5
0,0,0,0,0,0,0,0,0,0,0,0,VJF1C,Willow Ptarmigan,18.116,748.703,117.5,2
0,0,0,0,0,0,0,0,0,0,0,0,VJF1D,Willow Ptarmigan,12.183,395.582,122.5,3
0,0,0,0,0,0,0,0,0,0,0,0,VJF2A,Willow Ptarmigan,12.279,286.575,220,2
0,0,0,0,0,0,0,0,0,0,0,0,VJF2B,Willow Ptarmigan,36.353,1290.779,135,1.75
0,0,0,0,0,0,0,0,0,0,0,0,VJF2C,Willow Ptarmigan,39.704,778.363,185,1
0,0,0,0,0,0,0,0,0,0,0,0,VJF2D,Willow Ptarmigan,46.187,1114.237,180,2.5
0,0,0,0,0,0,0,0,0,0,1,0,VJF2E,Willow Ptarmigan,39.721,998.806,180,3.5
0,0,0,0,0,0,1,0,0,0,0,0,VJF3A,Willow Ptarmigan,5.413,358.237,125,1
0,0,0,0,0,0,1,0,0,0,0,0,VJF3B,Willow Ptarmigan,23.982,488.18,112.5,1.75
0,0,0,0,0,0,0,0,1,0,1,1,VJF3C,Willow Ptarmigan,38.287,437.278,167.5,4.25
0,1,0,0,0,0,1,0,0,0,0,0,VJF3D,Willow Ptarmigan,30.439,352.307,110,1
0,0,0,0,0,0,0,0,0,0,0,0,AE1K,Willow Warbler,17.949,1089.788,77.5,2.5
0,0,1,0,0,1,1,0,0,NA,NA,NA,AE2K,Willow Warbler,52.21,498.2,162.5,3.25
0,1,0,1,0,0,1,0,0,1,1,0,AE3K,Willow Warbler,27.408,570.683,142.5,3
1,1,0,1,0,1,1,0,1,1,1,0,AE4K,Willow Warbler,58.887,401.606,220,3
1,1,1,1,1,1,0,0,1,1,1,0,AE5K,Willow Warbler,52.546,808.824,160,3.25
0,0,0,0,0,1,0,0,0,0,0,0,GU1K,Willow Warbler,25.626,535.876,85,2.75
0,0,0,1,0,0,0,0,0,1,1,1,KOF1A,Willow Warbler,8.518,524.253,185,5.5
0,0,0,1,1,1,0,1,1,1,1,1,KOF1B,Willow Warbler,11.899,285.373,200,5.5
0,1,1,1,1,1,1,1,1,1,1,1,KOF1C,Willow Warbler,13.038,416.035,210,2.5
0,1,1,1,1,1,0,1,1,1,1,0,KOF1D,Willow Warbler,31.029,393.177,145,0.75
0,0,0,0,0,0,0,0,1,1,1,0,KOF1E,Willow Warbler,7.325,250.904,242.5,1.75
1,0,1,0,1,1,0,1,1,1,1,1,KOF2A,Willow Warbler,44.793,479.363,270,2.5
1,1,1,1,1,0,0,1,1,1,1,1,KOF2B,Willow Warbler,39.771,506.617,247.5,2
1,1,1,1,1,1,1,1,1,1,1,1,KOF2C,Willow Warbler,57.403,965.072,167.5,0.75
1,0,0,1,1,1,1,1,1,1,1,1,KOF2D,Willow Warbler,18.794,785.177,220,5.25
0,0,0,0,0,0,0,NA,1,0,1,1,KOF2E,Willow Warbler,18.393,459.845,217.5,1.5
1,1,1,1,1,1,0,1,1,0,1,1,KOF3A,Willow Warbler,26.362,737.481,157.5,1.75
1,0,1,1,0,1,0,1,1,1,1,1,KOF3B,Willow Warbler,11.747,445.695,265,1.25
0,0,0,0,0,0,0,0,0,0,0,0,S1K,Willow Warbler,28.966,558.24,90,2
0,0,0,0,0,1,0,0,0,0,0,0,S2K,Willow Warbler,43.278,1839.293,90,2.75
0,0,0,0,0,0,0,0,0,0,0,0,ST1K,Willow Warbler,14.87,1114.237,90,3.25
0,0,0,0,0,0,0,0,0,0,0,0,ST2K,Willow Warbler,17.723,1156.819,90,3.25
0,0,0,0,0,0,0,0,1,0,0,0,ST3K,Willow Warbler,6.008,600.002,102.5,3
0,0,0,0,0,0,1,0,1,1,1,1,ST4K,Willow Warbler,28.386,722.812,97.5,3
0,0,0,0,0,0,0,0,0,0,1,0,VJF1A,Willow Warbler,8.172,263.329,180,0.25
0,0,0,0,0,0,0,1,0,0,1,1,VJF1B,Willow Warbler,27.316,824.456,175,2.5
0,0,1,0,0,0,0,0,0,1,1,1,VJF1C,Willow Warbler,18.116,748.703,117.5,2
0,0,0,0,0,0,0,0,0,0,1,1,VJF1D,Willow Warbler,12.183,395.582,122.5,3
0,0,0,0,0,0,0,0,0,0,0,0,VJF2A,Willow Warbler,12.279,286.575,220,2
0,0,0,0,0,0,0,0,0,0,0,0,VJF2B,Willow Warbler,36.353,1290.779,135,1.75
0,0,1,0,0,0,0,0,1,0,1,1,VJF2C,Willow Warbler,39.704,778.363,185,1
0,1,1,0,1,1,1,0,1,1,1,1,VJF2D,Willow Warbler,46.187,1114.237,180,2.5
1,0,0,0,1,1,1,0,1,1,1,1,VJF2E,Willow Warbler,39.721,998.806,180,3.5
0,0,0,0,0,0,0,0,0,0,0,0,VJF3A,Willow Warbler,5.413,358.237,125,1
0,0,1,0,1,1,1,1,1,0,1,1,VJF3B,Willow Warbler,23.982,488.18,112.5,1.75
0,1,1,0,1,1,0,1,1,0,1,0,VJF3C,Willow Warbler,38.287,437.278,167.5,4.25
0,0,0,0,1,0,1,1,1,1,1,1,VJF3D,Willow Warbler,30.439,352.307,110,1
0,0,0,0,0,0,0,0,0,1,0,1,AE1K,Redwing,17.949,1089.788,77.5,2.5
0,0,1,1,1,0,0,0,1,NA,NA,NA,AE2K,Redwing,52.21,498.2,162.5,3.25
0,0,1,1,1,1,0,0,0,1,1,0,AE3K,Redwing,27.408,570.683,142.5,3
0,0,0,1,1,1,1,0,0,1,1,1,AE4K,Redwing,58.887,401.606,220,3
1,0,1,1,1,1,1,1,1,1,1,0,AE5K,Redwing,52.546,808.824,160,3.25
0,0,0,0,0,0,0,0,0,0,1,0,GU1K,Redwing,25.626,535.876,85,2.75
0,0,1,0,1,1,0,0,0,0,0,1,KOF1A,Redwing,8.518,524.253,185,5.5
0,0,0,0,0,0,0,0,1,1,0,0,KOF1B,Redwing,11.899,285.373,200,5.5
1,0,0,1,1,1,0,0,0,0,1,1,KOF1C,Redwing,13.038,416.035,210,2.5
0,0,1,0,0,1,0,0,0,1,0,1,KOF1D,Redwing,31.029,393.177,145,0.75
0,1,0,0,0,0,0,1,1,0,0,0,KOF1E,Redwing,7.325,250.904,242.5,1.75
0,0,0,1,1,0,1,1,0,1,1,1,KOF2A,Redwing,44.793,479.363,270,2.5
0,1,0,0,0,0,1,0,1,1,1,0,KOF2B,Redwing,39.771,506.617,247.5,2
1,1,0,1,1,1,1,0,1,0,0,1,KOF2C,Redwing,57.403,965.072,167.5,0.75
1,1,1,1,1,1,0,0,1,1,0,1,KOF2D,Redwing,18.794,785.177,220,5.25
1,1,1,0,0,1,1,NA,0,1,0,1,KOF2E,Redwing,18.393,459.845,217.5,1.5
1,0,1,0,0,1,1,1,0,1,1,0,KOF3A,Redwing,26.362,737.481,157.5,1.75
0,1,1,0,0,0,0,1,0,1,1,1,KOF3B,Redwing,11.747,445.695,265,1.25
0,0,0,0,1,0,1,0,0,1,0,1,S1K,Redwing,28.966,558.24,90,2
1,0,1,1,0,0,1,1,1,1,1,0,S2K,Redwing,43.278,1839.293,90,2.75
0,0,0,0,0,1,1,0,0,0,0,0,ST1K,Redwing,14.87,1114.237,90,3.25
0,0,0,0,0,1,0,1,0,0,0,0,ST2K,Redwing,17.723,1156.819,90,3.25
0,0,0,0,1,0,0,1,0,1,1,1,ST3K,Redwing,6.008,600.002,102.5,3
1,0,0,1,0,0,0,0,0,1,0,1,ST4K,Redwing,28.386,722.812,97.5,3
1,1,1,1,1,1,0,0,0,0,0,0,VJF1A,Redwing,8.172,263.329,180,0.25
0,0,1,0,0,0,0,0,0,0,1,0,VJF1B,Redwing,27.316,824.456,175,2.5
1,0,0,0,0,1,1,0,0,1,1,0,VJF1C,Redwing,18.116,748.703,117.5,2
0,0,0,0,0,0,0,1,1,1,0,0,VJF1D,Redwing,12.183,395.582,122.5,3
0,1,1,0,0,0,0,1,0,1,1,1,VJF2A,Redwing,12.279,286.575,220,2
0,0,0,0,0,0,0,0,0,0,0,0,VJF2B,Redwing,36.353,1290.779,135,1.75
0,1,0,0,0,0,0,0,0,0,0,0,VJF2C,Redwing,39.704,778.363,185,1
1,1,0,0,0,0,0,0,0,0,0,0,VJF2D,Redwing,46.187,1114.237,180,2.5
1,0,0,0,1,0,0,0,1,0,1,0,VJF2E,Redwing,39.721,998.806,180,3.5
0,0,0,0,0,0,0,0,0,0,1,1,VJF3A,Redwing,5.413,358.237,125,1
0,0,0,0,1,0,0,0,1,0,0,1,VJF3B,Redwing,23.982,488.18,112.5,1.75
0,1,1,0,1,0,0,1,0,0,0,1,VJF3C,Redwing,38.287,437.278,167.5,4.25
0,0,0,0,0,0,0,0,1,0,0,0,VJF3D,Redwing,30.439,352.307,110,1
0,0,0,0,0,0,0,0,0,0,0,0,AE1K,Reed Bunting,17.949,1089.788,77.5,2.5
0,0,0,0,0,0,0,0,0,NA,NA,NA,AE2K,Reed Bunting,52.21,498.2,162.5,3.25
0,0,0,0,0,0,0,0,0,0,0,0,AE3K,Reed Bunting,27.408,570.683,142.5,3
0,0,0,0,0,0,0,0,0,0,0,0,AE4K,Reed Bunting,58.887,401.606,220,3
0,0,0,0,0,0,0,0,0,0,0,0,AE5K,Reed Bunting,52.546,808.824,160,3.25
0,0,0,0,0,0,0,0,0,0,0,0,GU1K,Reed Bunting,25.626,535.876,85,2.75
0,0,0,0,0,0,0,0,0,0,0,0,KOF1A,Reed Bunting,8.518,524.253,185,5.5
0,0,0,0,0,0,0,0,0,0,0,0,KOF1B,Reed Bunting,11.899,285.373,200,5.5
0,0,0,0,0,0,0,0,0,0,0,0,KOF1C,Reed Bunting,13.038,416.035,210,2.5
0,0,0,0,0,0,0,0,0,0,0,0,KOF1D,Reed Bunting,31.029,393.177,145,0.75
0,0,0,0,0,0,0,0,0,0,0,0,KOF1E,Reed Bunting,7.325,250.904,242.5,1.75
0,0,0,0,0,0,0,0,0,0,0,0,KOF2A,Reed Bunting,44.793,479.363,270,2.5
0,0,0,0,1,0,0,0,1,0,0,0,KOF2B,Reed Bunting,39.771,506.617,247.5,2
0,0,0,1,1,1,0,1,1,1,0,1,KOF2C,Reed Bunting,57.403,965.072,167.5,0.75
0,0,0,0,0,0,0,0,0,0,0,0,KOF2D,Reed Bunting,18.794,785.177,220,5.25
0,0,0,0,0,0,0,NA,0,0,0,0,KOF2E,Reed Bunting,18.393,459.845,217.5,1.5
1,0,0,1,0,0,0,0,0,0,0,0,KOF3A,Reed Bunting,26.362,737.481,157.5,1.75
1,0,0,0,0,0,0,0,0,0,1,0,KOF3B,Reed Bunting,11.747,445.695,265,1.25
0,0,0,0,0,0,0,0,0,0,0,0,S1K,Reed Bunting,28.966,558.24,90,2
0,0,0,0,0,0,0,0,0,0,0,0,S2K,Reed Bunting,43.278,1839.293,90,2.75
0,0,0,0,0,0,0,0,0,0,0,0,ST1K,Reed Bunting,14.87,1114.237,90,3.25
0,0,0,0,0,0,0,0,0,0,0,0,ST2K,Reed Bunting,17.723,1156.819,90,3.25
0,0,0,0,0,0,0,0,0,0,0,0,ST3K,Reed Bunting,6.008,600.002,102.5,3
0,0,0,0,0,0,0,0,0,0,0,0,ST4K,Reed Bunting,28.386,722.812,97.5,3
0,0,0,0,0,0,0,0,0,0,0,0,VJF1A,Reed Bunting,8.172,263.329,180,0.25
0,0,0,0,0,0,0,0,0,0,0,0,VJF1B,Reed Bunting,27.316,824.456,175,2.5
0,0,0,0,0,0,0,0,0,0,0,0,VJF1C,Reed Bunting,18.116,748.703,117.5,2
0,0,0,0,0,0,0,0,0,0,0,0,VJF1D,Reed Bunting,12.183,395.582,122.5,3
0,0,0,0,0,0,0,0,0,0,0,0,VJF2A,Reed Bunting,12.279,286.575,220,2
0,0,0,0,0,0,0,0,0,0,0,0,VJF2B,Reed Bunting,36.353,1290.779,135,1.75
0,0,0,0,0,0,0,0,0,0,0,0,VJF2C,Reed Bunting,39.704,778.363,185,1
0,0,0,0,0,0,0,0,0,0,0,0,VJF2D,Reed Bunting,46.187,1114.237,180,2.5
0,0,0,0,0,0,0,0,0,0,0,0,VJF2E,Reed Bunting,39.721,998.806,180,3.5
0,0,0,0,0,0,0,0,0,0,0,0,VJF3A,Reed Bunting,5.413,358.237,125,1
0,0,0,0,0,0,0,0,0,0,0,0,VJF3B,Reed Bunting,23.982,488.18,112.5,1.75
0,0,0,0,0,0,0,0,0,0,0,0,VJF3C,Reed Bunting,38.287,437.278,167.5,4.25
0,0,0,0,0,0,0,0,0,0,0,0,VJF3D,Reed Bunting,30.439,352.307,110,1
0,0,0,0,0,0,0,0,0,0,0,0,AE1K,Northern Wheatear,17.949,1089.788,77.5,2.5
0,0,0,0,0,0,0,0,0,NA,NA,NA,AE2K,Northern Wheatear,52.21,498.2,162.5,3.25
0,0,0,0,0,0,0,0,0,0,0,0,AE3K,Northern Wheatear,27.408,570.683,142.5,3
0,0,0,0,0,0,0,0,0,0,0,0,AE4K,Northern Wheatear,58.887,401.606,220,3
0,0,0,0,0,0,0,0,0,0,0,0,AE5K,Northern Wheatear,52.546,808.824,160,3.25
0,0,0,0,0,0,0,0,0,0,0,0,GU1K,Northern Wheatear,25.626,535.876,85,2.75
0,0,1,0,0,0,0,0,0,0,0,0,KOF1A,Northern Wheatear,8.518,524.253,185,5.5
0,0,0,0,0,0,0,0,0,0,0,0,KOF1B,Northern Wheatear,11.899,285.373,200,5.5
0,0,0,0,0,0,0,0,0,0,0,0,KOF1C,Northern Wheatear,13.038,416.035,210,2.5
0,0,1,1,0,0,0,0,0,0,1,0,KOF1D,Northern Wheatear,31.029,393.177,145,0.75
0,0,0,0,0,0,0,0,1,0,0,0,KOF1E,Northern Wheatear,7.325,250.904,242.5,1.75
0,0,0,0,0,0,0,0,0,0,1,0,KOF2A,Northern Wheatear,44.793,479.363,270,2.5
0,0,0,0,0,0,0,0,0,0,0,0,KOF2B,Northern Wheatear,39.771,506.617,247.5,2
0,0,0,0,0,0,0,1,0,0,0,0,KOF2C,Northern Wheatear,57.403,965.072,167.5,0.75
0,0,0,0,0,0,0,0,0,0,0,0,KOF2D,Northern Wheatear,18.794,785.177,220,5.25
0,0,0,0,0,0,0,NA,0,0,0,0,KOF2E,Northern Wheatear,18.393,459.845,217.5,1.5
0,0,0,0,0,0,0,0,0,0,0,0,KOF3A,Northern Wheatear,26.362,737.481,157.5,1.75
0,0,0,0,0,0,0,0,0,0,0,0,KOF3B,Northern Wheatear,11.747,445.695,265,1.25
0,1,0,0,1,0,0,0,0,0,0,0,S1K,Northern Wheatear,28.966,558.24,90,2
0,0,0,0,0,0,0,0,0,0,1,0,S2K,Northern Wheatear,43.278,1839.293,90,2.75
0,0,0,0,0,0,0,0,0,0,0,0,ST1K,Northern Wheatear,14.87,1114.237,90,3.25
0,0,0,0,0,0,0,0,0,0,0,0,ST2K,Northern Wheatear,17.723,1156.819,90,3.25
0,0,0,0,0,0,0,0,0,0,0,0,ST3K,Northern Wheatear,6.008,600.002,102.5,3
0,0,0,0,1,0,0,0,0,0,0,1,ST4K,Northern Wheatear,28.386,722.812,97.5,3
1,1,0,0,0,1,0,0,0,0,0,0,VJF1A,Northern Wheatear,8.172,263.329,180,0.25
0,0,0,0,0,0,0,0,0,0,0,0,VJF1B,Northern Wheatear,27.316,824.456,175,2.5
1,0,1,0,0,0,0,0,0,0,0,0,VJF1C,Northern Wheatear,18.116,748.703,117.5,2
0,0,0,0,0,0,1,0,1,0,0,0,VJF1D,Northern Wheatear,12.183,395.582,122.5,3
0,0,1,0,0,1,0,0,0,0,1,0,VJF2A,Northern Wheatear,12.279,286.575,220,2
0,0,0,0,0,0,0,0,0,0,0,0,VJF2B,Northern Wheatear,36.353,1290.779,135,1.75
0,1,0,0,0,0,0,0,0,0,0,0,VJF2C,Northern Wheatear,39.704,778.363,185,1
0,0,0,0,0,0,0,0,0,0,0,0,VJF2D,Northern Wheatear,46.187,1114.237,180,2.5
0,0,0,0,0,0,0,0,0,0,0,0,VJF2E,Northern Wheatear,39.721,998.806,180,3.5
0,0,0,0,0,0,0,0,0,0,0,0,VJF3A,Northern Wheatear,5.413,358.237,125,1
0,0,0,0,0,0,0,0,0,0,0,0,VJF3B,Northern Wheatear,23.982,488.18,112.5,1.75
0,0,0,0,0,0,0,0,0,0,0,0,VJF3C,Northern Wheatear,38.287,437.278,167.5,4.25
0,0,0,0,0,0,0,0,0,0,0,0,VJF3D,Northern Wheatear,30.439,352.307,110,1
0,0,0,0,0,0,0,0,0,0,0,0,AE1K,Temminck's Stint,17.949,1089.788,77.5,2.5
0,0,0,0,0,0,1,0,1,NA,NA,NA,AE2K,Temminck's Stint,52.21,498.2,162.5,3.25
0,0,0,0,0,0,0,0,0,0,0,0,AE3K,Temminck's Stint,27.408,570.683,142.5,3
0,0,0,0,0,0,0,0,0,0,0,0,AE4K,Temminck's Stint,58.887,401.606,220,3
0,0,0,0,0,0,0,0,0,0,0,0,AE5K,Temminck's Stint,52.546,808.824,160,3.25
0,0,0,0,0,1,0,0,0,0,0,0,GU1K,Temminck's Stint,25.626,535.876,85,2.75
0,0,0,0,0,0,0,0,0,0,0,0,KOF1A,Temminck's Stint,8.518,524.253,185,5.5
0,0,0,0,0,0,0,0,0,0,0,0,KOF1B,Temminck's Stint,11.899,285.373,200,5.5
0,0,0,0,0,0,0,0,0,0,0,0,KOF1C,Temminck's Stint,13.038,416.035,210,2.5
0,0,0,0,0,0,0,0,0,0,0,0,KOF1D,Temminck's Stint,31.029,393.177,145,0.75
0,0,0,0,0,0,0,0,0,0,0,0,KOF1E,Temminck's Stint,7.325,250.904,242.5,1.75
0,0,0,0,0,0,0,0,0,0,0,0,KOF2A,Temminck's Stint,44.793,479.363,270,2.5
0,0,0,0,0,0,0,0,0,0,0,0,KOF2B,Temminck's Stint,39.771,506.617,247.5,2
0,0,0,0,0,0,0,0,0,0,0,0,KOF2C,Temminck's Stint,57.403,965.072,167.5,0.75
0,0,0,0,0,0,0,0,0,0,0,0,KOF2D,Temminck's Stint,18.794,785.177,220,5.25
0,0,0,0,0,0,0,NA,0,0,0,0,KOF2E,Temminck's Stint,18.393,459.845,217.5,1.5
0,1,0,1,0,0,0,0,1,0,1,0,KOF3A,Temminck's Stint,26.362,737.481,157.5,1.75
0,0,1,1,1,1,0,0,0,0,0,1,KOF3B,Temminck's Stint,11.747,445.695,265,1.25
0,0,0,0,0,0,0,0,0,0,0,0,S1K,Temminck's Stint,28.966,558.24,90,2
0,0,0,0,0,0,0,0,0,0,0,1,S2K,Temminck's Stint,43.278,1839.293,90,2.75
0,0,0,0,0,0,0,0,0,0,0,0,ST1K,Temminck's Stint,14.87,1114.237,90,3.25
0,0,0,0,0,1,0,0,0,0,1,0,ST2K,Temminck's Stint,17.723,1156.819,90,3.25
0,0,0,0,0,0,0,0,0,0,0,0,ST3K,Temminck's Stint,6.008,600.002,102.5,3
0,0,0,0,0,0,0,0,0,0,0,0,ST4K,Temminck's Stint,28.386,722.812,97.5,3
0,0,0,0,0,0,0,0,0,0,0,0,VJF1A,Temminck's Stint,8.172,263.329,180,0.25
0,0,0,0,0,0,0,0,0,0,0,0,VJF1B,Temminck's Stint,27.316,824.456,175,2.5
0,0,0,0,0,0,0,1,0,0,0,0,VJF1C,Temminck's Stint,18.116,748.703,117.5,2
0,0,0,0,0,0,0,0,0,0,0,0,VJF1D,Temminck's Stint,12.183,395.582,122.5,3
0,0,0,0,0,0,0,0,0,0,0,0,VJF2A,Temminck's Stint,12.279,286.575,220,2
0,0,0,0,0,0,0,0,0,0,0,0,VJF2B,Temminck's Stint,36.353,1290.779,135,1.75
0,0,0,0,0,0,0,0,0,0,0,0,VJF2C,Temminck's Stint,39.704,778.363,185,1
0,0,0,0,0,0,0,0,0,0,0,0,VJF2D,Temminck's Stint,46.187,1114.237,180,2.5
0,0,0,0,0,0,0,0,0,0,0,0,VJF2E,Temminck's Stint,39.721,998.806,180,3.5
0,0,0,0,0,0,0,0,0,0,0,0,VJF3A,Temminck's Stint,5.413,358.237,125,1
0,1,1,0,0,0,0,1,0,0,1,0,VJF3B,Temminck's Stint,23.982,488.18,112.5,1.75
0,0,0,0,0,0,0,0,0,0,1,1,VJF3C,Temminck's Stint,38.287,437.278,167.5,4.25
0,0,0,0,0,0,1,0,1,0,0,0,VJF3D,Temminck's Stint,30.439,352.307,110,1
0,0,0,0,0,0,0,0,0,0,0,0,AE1K,Brambling,17.949,1089.788,77.5,2.5
0,0,0,0,0,0,0,0,0,NA,NA,NA,AE2K,Brambling,52.21,498.2,162.5,3.25
0,0,0,0,0,0,0,1,0,0,0,0,AE3K,Brambling,27.408,570.683,142.5,3
0,0,0,0,0,0,1,1,1,1,0,0,AE4K,Brambling,58.887,401.606,220,3
0,0,0,0,0,0,1,1,0,0,0,0,AE5K,Brambling,52.546,808.824,160,3.25
0,0,0,0,0,0,0,0,0,0,0,0,GU1K,Brambling,25.626,535.876,85,2.75
0,0,0,0,0,0,0,0,0,0,0,0,KOF1A,Brambling,8.518,524.253,185,5.5
0,0,0,0,0,0,0,0,0,0,0,0,KOF1B,Brambling,11.899,285.373,200,5.5
0,0,0,0,0,0,0,0,0,0,0,0,KOF1C,Brambling,13.038,416.035,210,2.5
0,0,0,0,0,0,0,0,0,0,0,0,KOF1D,Brambling,31.029,393.177,145,0.75
0,0,0,0,0,0,0,0,0,0,0,0,KOF1E,Brambling,7.325,250.904,242.5,1.75
0,0,0,0,0,0,0,0,0,0,0,0,KOF2A,Brambling,44.793,479.363,270,2.5
0,0,0,1,0,0,0,0,0,0,0,0,KOF2B,Brambling,39.771,506.617,247.5,2
0,0,0,1,0,0,0,1,0,0,0,0,KOF2C,Brambling,57.403,965.072,167.5,0.75
0,0,0,0,0,0,0,0,0,0,0,0,KOF2D,Brambling,18.794,785.177,220,5.25
0,0,0,0,0,0,0,NA,0,0,0,0,KOF2E,Brambling,18.393,459.845,217.5,1.5
1,0,0,0,0,0,0,1,0,0,0,0,KOF3A,Brambling,26.362,737.481,157.5,1.75
0,0,0,0,0,0,0,0,0,0,0,0,KOF3B,Brambling,11.747,445.695,265,1.25
0,0,0,0,0,0,0,0,0,0,0,0,S1K,Brambling,28.966,558.24,90,2
0,0,0,0,0,0,0,0,0,0,0,0,S2K,Brambling,43.278,1839.293,90,2.75
0,0,0,0,0,0,0,0,0,0,0,0,ST1K,Brambling,14.87,1114.237,90,3.25
0,0,0,0,0,0,0,0,0,0,0,0,ST2K,Brambling,17.723,1156.819,90,3.25
0,0,0,0,0,0,0,0,0,0,0,0,ST3K,Brambling,6.008,600.002,102.5,3
0,0,0,0,0,0,0,0,0,0,0,0,ST4K,Brambling,28.386,722.812,97.5,3
0,0,0,0,0,0,0,0,0,0,0,0,VJF1A,Brambling,8.172,263.329,180,0.25
0,0,0,0,0,0,0,0,0,0,0,0,VJF1B,Brambling,27.316,824.456,175,2.5
0,0,0,0,0,0,0,0,0,0,0,0,VJF1C,Brambling,18.116,748.703,117.5,2
0,0,0,0,0,0,0,0,0,0,0,0,VJF1D,Brambling,12.183,395.582,122.5,3
0,0,0,0,0,0,0,0,0,0,0,0,VJF2A,Brambling,12.279,286.575,220,2
0,0,0,0,0,0,0,0,0,0,0,0,VJF2B,Brambling,36.353,1290.779,135,1.75
0,0,0,0,0,0,0,0,1,0,0,0,VJF2C,Brambling,39.704,778.363,185,1
0,0,0,0,0,0,0,0,0,0,0,0,VJF2D,Brambling,46.187,1114.237,180,2.5
0,0,0,0,0,0,0,0,0,0,0,0,VJF2E,Brambling,39.721,998.806,180,3.5
0,0,0,0,0,0,0,0,0,0,0,0,VJF3A,Brambling,5.413,358.237,125,1
0,0,0,0,0,0,0,0,0,0,0,0,VJF3B,Brambling,23.982,488.18,112.5,1.75
0,0,0,0,0,0,0,0,0,0,0,0,VJF3C,Brambling,38.287,437.278,167.5,4.25
0,0,0,0,0,0,0,0,0,0,0,0,VJF3D,Brambling,30.439,352.307,110,1
0,0,0,0,0,0,0,0,0,0,0,0,AE1K,Red-throated Pipit,17.949,1089.788,77.5,2.5
0,0,0,0,0,0,0,0,0,NA,NA,NA,AE2K,Red-throated Pipit,52.21,498.2,162.5,3.25
0,0,0,0,0,0,0,0,0,0,0,0,AE3K,Red-throated Pipit,27.408,570.683,142.5,3
0,0,0,0,0,0,0,0,0,0,0,0,AE4K,Red-throated Pipit,58.887,401.606,220,3
0,0,0,0,0,0,0,0,0,0,0,0,AE5K,Red-throated Pipit,52.546,808.824,160,3.25
0,0,0,0,0,0,0,0,0,0,0,0,GU1K,Red-throated Pipit,25.626,535.876,85,2.75
0,0,0,0,0,0,0,0,0,0,0,0,KOF1A,Red-throated Pipit,8.518,524.253,185,5.5
0,0,0,0,1,0,0,0,0,1,1,1,KOF1B,Red-throated Pipit,11.899,285.373,200,5.5
0,0,0,0,0,0,0,0,0,1,0,0,KOF1C,Red-throated Pipit,13.038,416.035,210,2.5
0,0,0,0,0,0,0,0,0,0,0,0,KOF1D,Red-throated Pipit,31.029,393.177,145,0.75
0,0,0,0,0,0,0,0,0,0,0,0,KOF1E,Red-throated Pipit,7.325,250.904,242.5,1.75
0,0,0,0,0,0,0,0,0,0,0,0,KOF2A,Red-throated Pipit,44.793,479.363,270,2.5
0,0,0,0,0,0,0,0,0,0,0,0,KOF2B,Red-throated Pipit,39.771,506.617,247.5,2
0,0,0,0,0,0,0,0,0,0,0,0,KOF2C,Red-throated Pipit,57.403,965.072,167.5,0.75
0,0,0,0,0,0,0,0,0,0,0,0,KOF2D,Red-throated Pipit,18.794,785.177,220,5.25
0,0,0,0,0,0,0,NA,0,0,0,0,KOF2E,Red-throated Pipit,18.393,459.845,217.5,1.5
0,0,0,0,0,0,0,0,0,0,0,1,KOF3A,Red-throated Pipit,26.362,737.481,157.5,1.75
0,0,0,0,0,0,0,0,0,0,1,0,KOF3B,Red-throated Pipit,11.747,445.695,265,1.25
1,1,0,0,0,0,0,0,0,0,0,0,S1K,Red-throated Pipit,28.966,558.24,90,2
0,0,0,0,0,0,0,0,0,0,0,0,S2K,Red-throated Pipit,43.278,1839.293,90,2.75
0,0,0,0,0,0,0,0,0,0,0,0,ST1K,Red-throated Pipit,14.87,1114.237,90,3.25
0,0,0,0,0,0,0,0,0,0,0,0,ST2K,Red-throated Pipit,17.723,1156.819,90,3.25
1,1,1,0,0,1,0,0,0,0,0,0,ST3K,Red-throated Pipit,6.008,600.002,102.5,3
0,0,0,1,1,1,0,0,0,1,1,0,ST4K,Red-throated Pipit,28.386,722.812,97.5,3
0,0,0,0,0,0,0,0,0,0,0,0,VJF1A,Red-throated Pipit,8.172,263.329,180,0.25
0,0,0,0,0,0,0,0,0,0,0,0,VJF1B,Red-throated Pipit,27.316,824.456,175,2.5
0,0,0,0,0,0,0,0,0,0,0,0,VJF1C,Red-throated Pipit,18.116,748.703,117.5,2
0,0,0,0,0,0,0,0,0,0,0,0,VJF1D,Red-throated Pipit,12.183,395.582,122.5,3
0,0,0,0,0,0,0,0,0,0,0,0,VJF2A,Red-throated Pipit,12.279,286.575,220,2
0,0,0,0,0,0,0,0,0,0,0,0,VJF2B,Red-throated Pipit,36.353,1290.779,135,1.75
0,0,0,0,0,0,0,0,0,0,0,0,VJF2C,Red-throated Pipit,39.704,778.363,185,1
0,0,0,0,0,0,0,0,0,0,0,0,VJF2D,Red-throated Pipit,46.187,1114.237,180,2.5
0,0,0,0,0,0,0,0,0,0,0,0,VJF2E,Red-throated Pipit,39.721,998.806,180,3.5
0,0,0,0,0,0,0,0,0,0,0,0,VJF3A,Red-throated Pipit,5.413,358.237,125,1
0,0,0,0,0,0,0,0,0,0,0,0,VJF3B,Red-throated Pipit,23.982,488.18,112.5,1.75
0,0,0,0,0,0,0,0,0,0,0,0,VJF3C,Red-throated Pipit,38.287,437.278,167.5,4.25
0,0,0,0,0,0,0,0,0,0,0,0,VJF3D,Red-throated Pipit,30.439,352.307,110,1